,tsne_comp_0,tsne_comp_1
0,-20.66098,45.00829
1,-17.469412,48.804157
2,-18.36294,48.07736
3,-21.086353,44.317654
4,-41.43464,21.212772
5,52.227886,-11.154575
6,-19.486656,47.03857
7,50.73364,-8.761728
8,51.030197,-9.271361
9,-16.740156,49.600903
10,-45.43485,8.871976
11,-17.181541,48.643345
12,53.138298,-11.406877
13,-21.39809,44.11336
14,-48.331432,1.0378574
15,-32.8413,-40.281757
16,-19.820013,47.51532
17,-19.933298,46.067696
18,50.63288,-8.600189
19,-44.839386,14.161281
20,51.450344,-10.37146
21,52.410454,-11.140058
22,-48.440193,0.60907835
23,-16.897545,49.93721
24,-40.217,23.500534
25,-12.143405,51.209488
26,52.573742,-10.581673
27,-23.74027,39.45379
28,-41.252167,19.231113
29,-15.275435,52.314503
30,-16.311106,47.510616
31,54.716045,-13.111121
32,-40.123363,20.08192
33,-25.964542,37.967632
34,53.71989,-11.099971
35,-15.305679,49.514164
36,-15.259644,51.44696
37,-43.71003,20.603643
38,-39.02023,20.33366
39,-28.91182,-38.043575
40,-47.76888,7.4310064
41,-19.461195,39.73478
42,-43.787952,8.579337
43,-45.070904,13.416435
44,-43.808243,14.128588
45,-23.417439,38.439705
46,-29.440363,-42.147003
47,-29.95915,-44.374474
48,53.94662,-11.6512985
49,-34.827053,-38.84457
50,-44.36473,11.614265
51,-39.3594,19.484793
52,-42.828724,-5.185644
53,-40.180084,23.446198
54,59.330555,-14.423086
55,-21.445782,36.181038
56,-21.428051,-48.181316
57,-27.752617,-41.910175
58,-22.004097,37.490036
59,-15.011065,49.47236
60,-14.956949,50.60417
61,-47.285698,0.2094784
62,-44.394936,13.497062
63,-33.20332,-39.963432
64,-18.161785,40.12131
65,-27.049978,35.583538
66,-47.907074,9.429961
67,-49.45065,3.159424
68,-23.822666,-47.097984
69,-22.152605,36.26507
70,53.370472,-9.823203
71,-33.676476,-38.964928
72,-27.474302,28.905485
73,52.729507,-9.109811
74,-13.77011,50.537556
75,-21.837168,37.942112
76,-33.124794,-39.280228
77,59.234825,-14.285151
78,-40.93929,20.170404
79,-23.837122,35.305042
80,-42.13666,7.215223
81,-17.06795,44.720913
82,-39.771114,14.426236
83,-21.264585,47.138107
84,-26.434507,-41.97685
85,-22.269674,46.626637
86,-18.805084,45.465023
87,-49.62201,-4.503737
88,-37.427357,12.160255
89,-21.918201,41.522423
90,-48.766518,6.690302
91,-48.7357,1.9055048
92,-19.227055,40.08638
93,-19.908855,48.47586
94,-19.024525,45.596172
95,-46.82142,11.213386
96,-30.50134,-43.899525
97,-11.537663,48.784916
98,-42.74729,11.585978
99,-34.9594,-39.48401
100,-22.022902,36.125748
101,-42.562084,15.791309
102,-45.600925,5.017614
103,-44.662567,0.5686556
104,-41.912872,13.613042
105,-15.890926,45.78401
106,53.442818,-9.412019
107,-42.078808,14.249792
108,-28.326534,27.770836
109,-16.705774,46.66172
110,-41.399605,7.5430384
111,-22.209679,31.127987
112,52.118652,-8.372872
113,-34.557198,-40.198456
114,-19.392157,-47.755295
115,-41.981743,18.293339
116,-49.891697,-4.225578
117,-27.526228,34.99113
118,-34.84666,-39.5529
119,-19.336143,-47.658722
120,-20.400341,41.371178
121,-40.569668,8.615003
122,-28.468859,34.636585
123,-37.329765,20.343628
124,-45.350338,11.150777
125,-15.576521,51.236584
126,51.598217,-9.219143
127,-39.970276,13.87603
128,-41.499474,20.78512
129,-29.53332,-44.107445
130,-21.25079,42.40926
131,-14.487034,40.978207
132,-41.526196,16.203777
133,-39.36956,16.434511
134,-13.666939,52.429516
135,-49.2737,8.152213
136,-47.029617,10.58713
137,-18.08736,43.687645
138,-27.11732,35.702366
139,-49.378494,4.80435
140,-49.052444,5.4768662
141,55.05908,-10.135503
142,-31.796303,-43.023773
143,-9.451802,51.447243
144,-31.041227,-39.440517
145,-32.02093,-35.527107
146,-25.670717,36.0945
147,-37.06677,18.307827
148,59.436085,-9.517023
149,-42.917362,6.232118
150,54.00563,-9.188869
151,-22.444052,-47.918636
152,-23.124151,44.507065
153,-43.73788,12.398937
154,-25.81712,-45.125652
155,-34.3694,-42.098278
156,-43.004234,9.902907
157,-13.6223345,48.91175
158,-6.8526926,51.50107
159,-5.6513224,51.253513
160,-47.339867,12.390378
161,-28.74706,-39.5874
162,58.66306,-11.10823
163,-13.208412,50.443512
164,51.97278,-8.145526
165,-29.623735,-43.483505
166,-43.94192,18.599392
167,-32.99327,19.899897
168,-45.456097,2.506573
169,-41.68372,10.641447
170,-25.906883,36.10684
171,-49.49392,3.330154
172,-22.903496,41.636364
173,-2.8781018,53.263054
174,-15.801719,46.9781
175,-43.09534,12.680765
176,-28.711973,-37.02573
177,-19.763012,38.446384
178,10.078995,52.193157
179,-43.829582,5.938582
180,-45.716305,4.9802485
181,-27.077675,-40.47654
182,-47.70062,11.869622
183,-50.71209,-5.954304
184,-39.055363,18.737194
185,-15.372887,43.309696
186,-21.41263,37.39395
187,-25.627842,33.86284
188,63.15781,-14.371001
189,-22.742462,41.62839
190,-47.920135,9.48354
191,-25.731108,-40.64411
192,-18.457241,43.804085
193,-15.670551,-41.013325
194,58.02124,-12.357068
195,58.00302,-12.434329
196,-40.09585,23.552193
197,-12.700149,43.44943
198,56.245678,-12.37744
199,-42.82943,6.128893
200,-42.605026,20.182127
201,58.44559,-10.530875
202,-24.468937,33.311646
203,-24.600729,32.152523
204,54.863655,-9.96511
205,-13.658932,47.37276
206,-43.767433,-0.73439294
207,58.379044,-13.954398
208,55.83274,-12.202658
209,-27.646038,28.157673
210,-11.713246,38.918053
211,-16.261171,44.22363
212,55.83083,-12.587885
213,-37.77494,17.332664
214,-29.92503,-35.931335
215,-40.741386,15.722264
216,-19.511581,34.524387
217,-23.934864,34.775024
218,-43.478973,11.350243
219,-24.19371,43.96668
220,-25.310587,32.34703
221,-47.53779,6.2456985
222,-47.849934,5.5883107
223,-46.384193,0.4043244
224,62.936176,-14.452062
225,-19.43147,-45.925472
226,-13.426778,42.157684
227,59.761513,-12.872761
228,-13.17264,-51.166206
229,-41.059307,7.718502
230,-39.112865,16.946438
231,-30.074749,-40.364716
232,-12.9104185,48.40154
233,-28.580505,-39.907673
234,-25.044214,33.366287
235,-49.389637,3.3797767
236,-28.5735,34.588898
237,-37.48413,13.549897
238,-23.236723,45.341652
239,-24.251377,-41.47981
240,-35.921066,16.879293
241,-15.884069,36.704098
242,-25.122341,-41.174545
243,-29.256351,-36.58647
244,-16.588411,41.786125
245,-49.139,-5.006828
246,59.97744,-14.326349
247,-23.326225,45.73315
248,-24.177338,-46.95456
249,-27.961647,-37.2275
250,-20.677002,41.5779
251,-7.4767494,49.760628
252,-33.108776,-37.027336
253,-47.31012,12.183706
254,-34.526947,20.760027
255,-2.3271933,53.379707
256,-38.50884,18.449589
257,-46.27723,0.44357556
258,-28.43103,-37.473495
259,-17.910275,43.455883
260,-26.352154,-41.65837
261,-25.043709,33.746655
262,-22.01402,28.87739
263,-11.248033,50.95716
264,-47.56083,5.097051
265,58.57038,-8.201062
266,54.9457,-8.938894
267,-15.495864,-40.983868
268,-31.211504,-11.634938
269,-24.56887,45.51701
270,-48.586727,5.544003
271,-10.396273,47.078735
272,-13.009948,48.292614
273,-46.056366,0.22430623
274,-47.053715,5.7774444
275,57.0538,-8.391621
276,-6.9989123,52.755753
277,-30.764288,21.554502
278,-14.273476,48.281563
279,-22.448595,28.790056
280,-47.464172,3.6018975
281,-40.773735,10.732895
282,54.57463,-9.015448
283,-14.79963,46.47113
284,-24.376902,-39.29162
285,-43.071583,-3.4375744
286,-13.40518,44.70512
287,-30.916183,-41.59165
288,-30.147255,19.79665
289,-31.542322,-42.773445
290,-32.633625,-28.859377
291,-11.589703,-49.005054
292,2.8011649,53.327545
293,-37.60144,11.235254
294,59.481342,-9.3709755
295,-38.507698,8.038101
296,-38.01456,14.027185
297,-18.628256,33.649483
298,-19.213383,33.333057
299,-3.9640322,52.859898
300,-31.87259,20.530207
301,-32.543175,20.728973
302,-43.66287,3.2600784
303,63.243183,-12.268915
304,-32.37047,22.554173
305,-13.836476,44.49373
306,-16.581959,43.33094
307,-19.845016,37.939716
308,61.45513,-11.64628
309,-17.2624,40.939075
310,-7.021632,53.707497
311,-21.727705,35.19891
312,-21.406809,40.84365
313,-20.1031,-39.186974
314,-46.187862,-6.8065615
315,55.55977,-11.138534
316,-45.36815,5.394271
317,-1.4999306,52.72638
318,-14.080778,39.209435
319,59.60084,-11.357632
320,-43.856407,0.7121746
321,-17.744888,41.903385
322,-44.40922,10.0173435
323,-14.212292,40.62748
324,-28.509743,-36.976173
325,-38.03191,17.929213
326,57.89678,-9.950098
327,-31.91361,-43.504158
328,-40.789413,16.224539
329,-43.022793,20.153326
330,-37.356647,18.980682
331,-40.47819,17.036049
332,-41.542362,18.179628
333,-18.453125,37.839195
334,-38.723495,17.940014
335,-23.34312,10.3339615
336,-48.151295,-3.997141
337,-44.400055,10.445126
338,-11.128437,28.435873
339,-47.30666,-5.337035
340,-27.299541,-40.309414
341,-22.672825,42.517433
342,-43.898796,11.294266
343,-35.453583,22.094112
344,-34.147205,13.191588
345,-13.758187,-47.91363
346,-41.221085,-6.873663
347,-38.361435,8.631373
348,-31.443296,18.015446
349,-21.609125,31.062115
350,-30.802658,-11.959991
351,-15.967874,-42.978504
352,-15.72144,-44.430267
353,-13.161708,45.65942
354,-17.041283,34.573517
355,-27.638092,18.599195
356,-32.60958,-43.574406
357,58.000324,-12.8988905
358,-42.58073,0.41725087
359,56.436043,-8.438005
360,-32.069828,17.667652
361,57.352467,-7.6072984
362,-43.49522,-1.1482242
363,-35.56485,12.001146
364,-12.906891,47.24265
365,-29.033674,-35.49307
366,-31.713749,18.338522
367,-32.415394,-27.47899
368,-35.760403,16.031189
369,-24.901688,45.45933
370,-37.05587,-20.067125
371,-47.96921,-6.568499
372,-32.427906,-27.557846
373,-33.260708,24.150908
374,-16.13429,-43.586056
375,0.8721497,48.839706
376,-7.1916337,51.831352
377,57.648876,-12.481259
378,-46.86834,-10.27514
379,-43.622726,18.698034
380,60.2383,-12.48954
381,-18.415411,-48.996613
382,58.967773,-12.47659
383,56.46304,-9.409491
384,-42.139694,5.5575814
385,-42.710583,5.4595914
386,-45.170837,3.8977857
387,-21.788345,40.28202
388,-25.605444,-40.191658
389,-33.045788,23.287003
390,56.048183,-7.158816
391,-31.77079,-38.35575
392,-26.53423,-37.91924
393,-45.421356,-7.070814
394,-37.256016,2.997374
395,8.609924,50.80886
396,-33.365448,15.11254
397,-16.724773,42.221508
398,-30.073544,20.521673
399,-14.119472,40.72776
400,-48.02777,-5.139453
401,-39.8391,17.618368
402,62.053272,-14.6628685
403,-41.954254,12.69076
404,-49.888508,-7.450518
405,-29.827559,-40.269554
406,-45.7505,-4.953014
407,-12.057856,-48.514545
408,-30.56702,22.386395
409,-39.258274,5.31817
410,-42.855854,16.026196
411,-15.416099,42.972366
412,-28.778486,-40.666065
413,-2.0590632,52.552547
414,-38.97327,3.7116904
415,54.126526,-10.1728945
416,-33.018353,-36.765537
417,-44.84897,1.5629735
418,-24.406435,-43.075367
419,-15.658793,37.516384
420,-0.2420498,53.432327
421,-45.920666,10.520798
422,-0.63791025,-47.624756
423,-19.257284,42.118492
424,-48.32694,-6.942347
425,-36.410378,19.513418
426,-35.791985,12.573106
427,-19.736128,31.221743
428,61.235054,-11.350209
429,-25.730974,31.132593
430,58.89692,-8.450086
431,8.944627,56.116173
432,-32.5303,12.709048
433,-38.94876,-15.361871
434,-40.294174,-17.70424
435,-30.91878,-4.4091916
436,-16.636024,-43.369846
437,7.071594,55.93598
438,-35.743034,-14.11438
439,-1.7438283,50.161694
440,57.663868,-6.78178
441,-13.560909,39.464893
442,-40.316906,-17.167482
443,-35.646706,12.185005
444,9.509041,51.893013
445,-39.58266,-7.049685
446,-35.46054,-3.7197828
447,-39.575005,-8.650462
448,-22.947075,32.57736
449,71.10765,-10.796823
450,0.8876063,48.737823
451,-8.697807,-52.84907
452,-12.318172,42.30639
453,-31.816227,19.436504
454,-31.918573,-32.503986
455,-9.347523,45.47141
456,-40.473934,-11.705226
457,-17.790495,37.545204
458,62.355694,-11.657748
459,-44.482136,2.0826852
460,-33.80057,-25.062458
461,-34.1934,-26.581717
462,-6.2546463,25.243156
463,-35.40548,16.551178
464,-15.222505,-47.535217
465,-11.502922,39.110397
466,-19.775541,-39.235863
467,-36.773724,-16.007109
468,60.19907,-8.365989
469,-47.332737,-10.64943
470,-43.821857,-8.919936
471,-30.15588,-12.354348
472,-11.75658,42.52194
473,-32.376575,14.514777
474,54.462353,-4.2666025
475,-25.04042,25.616552
476,-43.455006,3.0032122
477,-10.522228,-50.97145
478,-19.60619,-12.050935
479,-13.632729,46.918358
480,-25.061693,19.419302
481,-48.294804,-8.192669
482,-10.7261915,26.760313
483,-25.363525,-3.1013722
484,-32.77382,13.719006
485,-16.627413,24.832386
486,-20.962646,20.474703
487,69.63186,-10.701286
488,-18.983398,-45.139824
489,-33.863518,-3.144462
490,-15.55226,37.414764
491,-33.10471,19.954386
492,-48.68439,-7.9128766
493,-26.64152,-34.1139
494,-12.00986,41.623314
495,-14.86419,-40.798424
496,-47.31082,3.3452492
497,-20.383709,-45.829124
498,-23.199347,-40.262085
499,-14.096173,-11.291457
500,11.735082,51.711002
501,-49.804157,-7.758266
502,-31.92719,1.978112
503,-33.699924,-31.99655
504,-46.27519,-7.1265893
505,60.60209,-10.073049
506,-21.555277,-40.217567
507,-31.935926,20.73734
508,-33.055496,23.448706
509,-19.900007,-36.628536
510,-35.555264,16.647518
511,-31.926092,-32.53568
512,-1.281141,48.21422
513,-4.223867,52.660072
514,-3.7886283,45.97064
515,-7.1447597,49.983784
516,-21.07919,-46.28115
517,-37.154472,-15.016467
518,-17.625357,33.678337
519,-22.977467,-41.397907
520,-43.832985,0.3982475
521,-14.542487,-10.030331
522,-10.865854,41.195526
523,-6.2223067,25.082344
524,63.56063,-13.667023
525,-41.668247,3.8054647
526,0.40162492,51.771645
527,-25.530682,32.187916
528,-23.35188,-36.178158
529,-42.51057,-4.429417
530,-16.749453,42.68368
531,-39.933174,6.7283154
532,-43.292583,1.3272179
533,-15.483288,36.05869
534,-22.287136,-47.103508
535,-47.672523,-6.0950766
536,-38.298687,5.3538966
537,-17.122871,-45.965534
538,-45.77343,10.094485
539,55.53702,-7.429098
540,7.4070187,51.391396
541,-32.2462,-2.1628006
542,-9.839856,47.024517
543,59.12884,-7.7145286
544,-15.576893,-43.2563
545,6.299828,54.79814
546,-18.509867,23.897547
547,-35.176926,2.5332713
548,-32.310352,4.1059465
549,-29.342058,15.952589
550,53.74706,-7.263141
551,3.660776,52.331257
552,60.89912,-5.3731575
553,5.3552494,49.11106
554,-33.457027,13.230991
555,-17.11275,27.86532
556,-40.22139,-15.357104
557,-31.28128,-11.984032
558,-8.279742,-53.43247
559,-37.171146,-4.388002
560,-31.692562,3.5043898
561,-40.02428,-7.2969246
562,-9.148978,41.619583
563,-31.536728,-24.438784
564,-38.695004,-23.6516
565,13.21391,50.31553
566,-4.7029085,44.69932
567,-27.833202,18.194696
568,-33.988235,-5.43387
569,-17.173626,31.901802
570,-30.156193,-26.352797
571,-13.707649,-45.644337
572,62.536827,-5.120041
573,-11.215661,21.52576
574,9.742132,54.137054
575,-29.646338,-6.2346616
576,-25.73446,-9.442087
577,-31.40583,16.25216
578,-10.017966,-34.118713
579,-7.5287895,-49.917046
580,-39.075092,-8.617818
581,-3.9585516,-48.269554
582,-30.262024,16.01109
583,-13.882125,-39.331165
584,-31.305218,15.93595
585,-7.1902165,45.182476
586,-15.603799,-39.86009
587,53.849743,-6.17501
588,-29.957102,2.660005
589,-30.255018,2.4527194
590,-25.558558,30.52447
591,-12.071295,-54.09138
592,-30.8222,-30.983692
593,-16.314724,-10.613246
594,-32.63685,-4.4636507
595,-14.841826,-46.409485
596,-23.220999,-2.9661264
597,-24.58465,19.27262
598,-11.852944,26.224669
599,0.78326297,48.028023
600,-24.548677,22.547781
601,-31.364468,12.514273
602,-40.05138,-18.440094
603,-38.56926,-7.5714736
604,-32.861607,-23.888077
605,-36.99473,-19.098814
606,-31.29726,-33.51408
607,-28.754578,21.19006
608,-8.61251,40.15039
609,-39.412598,-6.484718
610,-27.64081,-4.4884424
611,-39.4104,2.1449928
612,-0.879739,52.92572
613,-23.028805,-45.03919
614,-14.235274,-49.536835
615,-0.48479024,48.541595
616,-37.50093,4.319382
617,-11.6217,37.35292
618,-6.500372,30.242195
619,-37.591713,9.063057
620,9.7266245,49.759037
621,-24.986418,25.306034
622,-36.73417,-14.537877
623,-33.194763,7.0170302
624,-33.405888,5.1219497
625,-18.814846,-4.588334
626,12.317889,51.858982
627,-30.255142,-14.278119
628,-37.484756,-7.249512
629,-10.971929,43.86673
630,-3.245655,48.184837
631,-14.494394,-45.479687
632,-37.496784,-0.51871717
633,-21.187407,21.611597
634,-31.431625,14.905599
635,61.05801,-9.257184
636,-4.076723,44.737724
637,-11.773331,31.618864
638,-16.033148,-45.9364
639,-13.6530285,-47.199078
640,-35.736713,-22.59037
641,-24.686266,-37.506653
642,-11.2314825,41.61066
643,-15.810032,33.51038
644,-31.113543,14.949307
645,-13.942018,38.306263
646,-16.257042,-6.966014
647,-34.496933,6.3091383
648,-24.51374,-40.30251
649,-18.424644,0.6471122
650,62.068977,-7.74626
651,-21.885876,-11.305343
652,60.791176,-11.140363
653,-48.986824,-9.328054
654,11.1746,47.73015
655,-16.730812,32.25576
656,55.592278,-9.380874
657,-21.487606,30.609869
658,-11.224106,31.809849
659,-44.122566,-2.2369175
660,-0.59955764,-47.42264
661,-41.884598,-3.1312163
662,-9.443145,-50.875282
663,-8.249373,30.867085
664,-20.233372,-19.963833
665,-17.722559,-50.435932
666,-34.57357,16.439922
667,-21.919487,-46.07726
668,-39.953346,3.1095753
669,-35.56026,2.6488614
670,-13.293003,-50.83144
671,-14.393431,33.72286
672,-19.741013,3.7233644
673,-42.18854,1.4481217
674,-12.504475,41.72862
675,-46.364605,-7.100679
676,81.39161,-2.856899
677,-8.9309025,32.9904
678,-37.686314,4.7440877
679,-15.227655,33.402794
680,-6.6386056,48.581818
681,-47.46924,3.2141817
682,-3.6797898,49.05262
683,-39.068707,4.0240984
684,-18.755291,42.146545
685,11.217965,47.45084
686,-20.748116,5.28785
687,-15.872545,-11.385482
688,-42.337883,9.444595
689,-20.762344,-43.415775
690,-46.94415,-3.4770784
691,-14.550788,28.280767
692,61.957943,-10.1044235
693,7.4572487,54.93054
694,12.577911,55.676662
695,-30.731728,-15.570925
696,64.97931,-8.012916
697,11.471936,52.73867
698,-6.8698373,43.47038
699,-8.388168,-48.985325
700,-33.316093,-15.979264
701,-9.36089,47.051136
702,-21.065704,-19.245613
703,-4.935827,31.962149
704,-18.44992,23.477283
705,-16.939518,27.959831
706,4.7469196,53.52819
707,-7.8775864,-47.513878
708,-26.080805,-9.784032
709,-23.84475,-4.6366563
710,-26.89285,-23.24017
711,-40.32356,-5.3902297
712,-10.346602,-35.447437
713,-36.5238,-4.414809
714,-7.6413016,44.353096
715,-6.3618894,-49.69046
716,-22.87016,-31.622839
717,-10.943508,-34.81344
718,-21.161762,31.964798
719,9.981055,53.67255
720,-33.538345,-3.1673596
721,-30.483965,12.2156
722,-14.997194,-39.77242
723,-30.583385,-24.901064
724,54.170864,-6.5628147
725,65.315216,-9.283452
726,64.826584,-8.131885
727,-31.887527,-12.944216
728,-18.019403,-10.014558
729,62.32314,-4.704054
730,-21.236937,-38.426113
731,-30.292175,8.321837
732,-30.684649,-25.080807
733,-29.94296,11.892871
734,-38.477654,-3.9801705
735,-30.119265,1.5722439
736,-23.258366,-4.57051
737,70.75986,-10.188628
738,-4.542688,27.586582
739,-22.66539,-16.513018
740,-4.310185,-48.75366
741,-19.424162,-8.794664
742,-7.245507,-53.506226
743,59.959476,-7.808076
744,-7.9219494,42.084885
745,5.429762,49.21577
746,-0.41636768,50.220654
747,-5.1089926,33.3834
748,-22.339493,-34.34597
749,-23.650864,16.701612
750,-11.114513,26.796345
751,-22.386011,-20.28595
752,-15.035184,-44.798054
753,-34.113396,-12.972597
754,-32.653996,14.786442
755,-0.54747546,45.166348
756,-33.24251,-14.459408
757,-36.051777,-7.0119905
758,-24.440006,-4.147742
759,-39.702034,-4.623465
760,-19.673098,-41.749313
761,-0.6058657,48.909214
762,-8.576899,28.747988
763,-43.33775,-9.362867
764,-37.40987,-14.57973
765,3.6963766,51.651104
766,64.74746,-10.767152
767,-4.4107056,40.102367
768,-26.099838,12.674858
769,-7.358114,38.661266
770,-8.038848,-56.42266
771,-18.871174,-11.553904
772,-6.1212463,-55.165974
773,-31.980925,-12.342867
774,69.167145,-8.986416
775,-30.042353,3.8606987
776,-5.847043,40.171993
777,-20.06314,-36.44858
778,-19.195026,-5.8580093
779,-20.573978,12.464327
780,-15.830374,32.051163
781,-0.40810126,46.671738
782,-36.194923,4.2985373
783,-20.161276,6.684195
784,-20.065363,8.059386
785,54.33787,-5.3326197
786,-34.91367,10.830627
787,66.8901,-11.449846
788,-15.78523,-44.78681
789,-11.329964,30.65973
790,-21.684826,4.0220184
791,-24.3515,-37.298008
792,-33.656837,-13.05714
793,-15.780011,22.709627
794,-23.519077,-40.397305
795,-6.3431096,-30.001966
796,-37.638107,-6.0024276
797,-7.726426,-17.240175
798,-14.007292,-46.96856
799,-37.02365,1.0681347
800,-21.306517,33.032356
801,-33.285107,5.8237023
802,-8.877634,-52.43716
803,-18.75151,-9.420045
804,-0.79230005,48.144295
805,-14.600446,33.77181
806,-41.32885,1.9521154
807,-13.767773,25.307251
808,-18.08889,21.24816
809,-36.62695,2.0518816
810,-33.57394,18.291481
811,-8.177388,-18.415234
812,3.4977226,51.682842
813,-11.56202,-47.25821
814,-13.983537,32.87025
815,-18.269346,-44.212402
816,-19.765778,-10.825058
817,-48.081398,-10.651365
818,-46.713234,-8.105077
819,-1.7469134,26.581081
820,54.330406,-8.134789
821,61.444103,-0.62631446
822,-11.692725,31.373642
823,-5.9417996,27.149115
824,-35.242302,-15.390971
825,-25.984426,-34.894527
826,-19.036522,20.173964
827,-38.053055,4.683036
828,-34.830196,0.97939366
829,-16.61373,-48.08889
830,-10.140511,29.29575
831,-38.155888,-17.909666
832,-16.392918,39.903778
833,-5.495341,40.678288
834,-19.180054,-44.0707
835,-43.530045,5.0256047
836,-18.51688,-6.177911
837,9.607728,44.16602
838,-6.8199778,33.01777
839,-11.943368,30.252253
840,-17.574345,-11.364668
841,-36.224243,6.203025
842,-2.196639,40.51946
843,-12.49603,30.36423
844,-3.0321915,43.564507
845,63.621094,-14.345332
846,-17.633698,21.296022
847,-18.430233,-11.512636
848,-11.637692,-43.122673
849,-13.237884,26.811596
850,-22.65815,-43.288403
851,-0.74576724,45.59984
852,-9.395455,31.505138
853,-9.350318,30.957016
854,11.062547,46.852837
855,-12.895668,36.58514
856,-4.4576235,-38.381577
857,-10.995188,-47.385544
858,61.998856,-0.6193326
859,-38.784428,-19.427303
860,-41.439682,-13.019848
861,58.24944,-5.51164
862,-4.877991,31.117382
863,-24.856577,-9.643454
864,-37.09662,-18.202852
865,-35.96071,-4.280834
866,63.714203,-9.60534
867,-31.984398,-5.5700083
868,-38.151405,-12.772979
869,-18.975275,-19.057014
870,-16.997534,9.070952
871,2.1679018,44.49865
872,-4.9379544,-54.398624
873,-32.65076,11.316461
874,-22.936365,-20.420805
875,-23.282206,7.4659753
876,-39.40397,-11.073202
877,1.6445823,47.786434
878,-32.819553,13.401418
879,-7.211761,-44.982212
880,-30.309366,-24.469828
881,71.031906,-10.005286
882,-37.448563,-18.227875
883,61.70187,-6.7410636
884,-32.81312,-5.298966
885,-32.80917,-9.645032
886,-8.881323,35.571396
887,-20.589108,27.110905
888,-21.241407,31.527025
889,63.81215,-8.758436
890,-39.123913,-15.802293
891,-3.68049,25.075043
892,-15.222294,-37.42663
893,-18.064953,25.335392
894,-9.264658,-33.572697
895,-28.740665,-21.122023
896,69.7519,-10.496398
897,-7.476268,-45.93817
898,-27.69254,1.010831
899,-38.600746,-14.074052
900,-27.930798,12.880661
901,-29.38158,-4.9982624
902,-24.415539,-7.61141
903,-3.9966426,30.992144
904,58.645695,-7.2797866
905,-32.4916,-3.184239
906,-28.938658,-24.50907
907,-21.207712,-18.992737
908,1.9640449,50.703777
909,-5.1700263,-53.017212
910,-20.953941,-13.510772
911,-3.1249619,45.50496
912,-27.076979,-10.583194
913,-37.640533,-4.9448214
914,-12.620685,-13.6740885
915,-27.544102,18.044218
916,-20.454971,-6.3760734
917,-21.633762,-14.958704
918,-34.755222,-22.135714
919,-11.767244,18.327742
920,-39.54094,-10.376827
921,-34.41183,-0.37802613
922,-20.241796,8.465306
923,-7.0819798,-50.435204
924,-13.92522,-7.1661396
925,-5.3639092,46.059963
926,-24.06336,-6.7465434
927,-28.668415,12.65614
928,-29.090796,-23.087328
929,-18.861465,-6.4404316
930,-15.540254,31.354326
931,-18.127356,-40.877396
932,-30.375856,14.100624
933,-16.037315,12.060649
934,-23.057076,-37.842823
935,1.3595749,50.569847
936,-40.14415,-5.4110003
937,0.80333287,44.400337
938,-29.143217,-7.020894
939,-26.279568,-20.215803
940,-25.372435,-33.900253
941,-2.0094125,44.083714
942,-6.9370313,29.162281
943,-13.63201,-30.503614
944,8.540286,50.840942
945,-10.362566,-16.586695
946,-3.4044178,43.311386
947,64.09372,-7.3283067
948,-8.56182,45.31679
949,1.7587265,45.86973
950,8.920055,56.105762
951,0.5937471,-49.619446
952,-2.4697165,-48.917213
953,-40.97205,-0.8465621
954,-25.787706,-15.115964
955,-11.39403,44.676826
956,-40.63469,0.83591187
957,-27.429905,-18.257893
958,11.31721,45.54242
959,-39.16979,1.5747561
960,-16.119673,-11.707033
961,-34.583294,-0.25381255
962,8.132043,38.20632
963,-20.156229,-41.559
964,-7.6407313,44.491913
965,0.8055911,49.873657
966,-21.718508,-34.21782
967,-17.134527,11.007639
968,-48.87357,-11.339026
969,-19.653341,-20.421795
970,-29.974009,-26.30343
971,-40.990704,1.265291
972,-21.658945,-14.085114
973,-4.9714713,46.418697
974,-32.867596,-32.938408
975,-7.875466,30.089647
976,54.47351,-4.675656
977,-30.196781,11.851557
978,-41.693638,-0.14707908
979,-16.06613,0.4718275
980,61.837837,-6.968135
981,-0.50110745,-44.02526
982,-4.851686,40.064808
983,-17.161558,-49.829185
984,-3.2786963,37.195396
985,-11.463414,35.52043
986,-3.079316,42.02135
987,-10.924985,31.745527
988,-20.61894,1.6190209
989,-9.949978,34.63658
990,-30.662838,1.705945
991,-15.721495,31.77984
992,-27.83335,-15.49102
993,-27.022985,-18.287155
994,-13.072433,-11.438186
995,-16.54098,18.416212
996,-36.196793,-12.892406
997,-12.116151,32.892883
998,-11.604047,27.54776
999,-14.58858,33.5888
1000,-19.976925,1.9193965
1001,-17.45907,-46.258232
1002,-4.2213097,48.838863
1003,-3.7150602,-37.553623
1004,-20.504696,-43.86822
1005,-6.61744,48.49108
1006,-7.5544324,26.563482
1007,-35.047054,-15.569907
1008,-24.9854,-35.998306
1009,-32.381252,4.1784754
1010,-15.744579,-8.29699
1011,-16.039772,-10.224095
1012,-25.82224,-34.642445
1013,9.55378,48.545555
1014,7.1977534,36.523254
1015,-16.20322,-45.59903
1016,-21.228619,-41.81685
1017,-23.49178,12.6907625
1018,-21.157303,5.9674096
1019,-15.586267,23.373945
1020,56.75308,-10.47449
1021,-19.817305,6.5174026
1022,-14.827005,-43.111217
1023,-12.054222,40.658398
1024,-2.3198712,-46.40885
1025,-22.239513,-45.37308
1026,0.45256817,20.675758
1027,-10.810816,32.740944
1028,-23.486263,3.4905555
1029,-14.931793,35.59123
1030,-16.194613,-7.4608192
1031,-38.611866,-22.931637
1032,-32.625214,-15.986363
1033,-39.30632,-12.5682335
1034,62.688087,-2.9606755
1035,-40.479168,-12.334745
1036,-25.09645,-10.183626
1037,65.113304,-2.7148373
1038,-35.577145,-13.042559
1039,62.344387,-0.17962669
1040,-29.841099,10.797215
1041,-4.2724257,-55.29928
1042,-36.6679,-18.294477
1043,-6.5331635,-56.359306
1044,-28.22635,16.182217
1045,-12.234431,-34.48554
1046,-1.8363664,-51.980503
1047,-29.283484,-4.855007
1048,10.254093,54.66133
1049,11.446382,52.751488
1050,-1.661895,-52.808403
1051,2.285512,48.678253
1052,9.424764,54.423416
1053,69.20012,-8.487322
1054,7.1972575,54.684326
1055,-38.3402,-11.505902
1056,67.85175,-7.684147
1057,65.00792,-5.7284164
1058,-4.795049,-55.876957
1059,-2.2785685,-51.128654
1060,-3.3378906,30.953709
1061,-22.57597,-8.227929
1062,66.34453,-5.5790987
1063,-18.827286,-18.83002
1064,-8.360703,-42.438644
1065,-24.04345,-11.75705
1066,56.88445,-4.219684
1067,-28.683046,15.07478
1068,-1.3670381,42.097576
1069,-4.661665,37.717403
1070,-21.243504,-17.399248
1071,-6.2295465,36.49842
1072,-24.912544,6.8954487
1073,-23.454699,-6.534973
1074,-9.284005,-44.830757
1075,-28.169977,0.94274986
1076,-16.510965,30.302887
1077,-17.972904,30.946423
1078,-4.6909614,37.79864
1079,-3.1002672,33.654205
1080,-8.537388,-55.840446
1081,-25.437435,6.0953145
1082,0.7914281,39.610756
1083,-23.845938,-10.096667
1084,3.619549,-49.595882
1085,-27.5984,11.227307
1086,-32.14828,-14.512667
1087,-4.601518,34.473633
1088,-5.7988086,-48.267788
1089,-21.525928,-5.965575
1090,-8.758644,35.494965
1091,-5.257781,-48.103912
1092,-18.96691,-17.458717
1093,-0.07655952,-51.88126
1094,-3.2789767,25.736437
1095,-24.837824,24.837105
1096,-32.408512,7.4336863
1097,11.5976,43.83757
1098,57.825603,-5.941851
1099,-7.9654326,-41.113667
1100,-29.570343,-4.0044136
1101,-32.352936,5.747223
1102,-23.683983,23.345245
1103,-28.822483,12.652403
1104,13.982595,48.832024
1105,-27.402433,-22.858091
1106,-16.647493,10.491846
1107,-17.104177,-49.81463
1108,-25.370287,-10.253085
1109,-43.04683,-9.801513
1110,-8.003221,22.36165
1111,62.677696,-10.574928
1112,-21.901684,-17.164423
1113,-10.923578,-8.164299
1114,-37.05146,-2.533184
1115,-29.528847,11.681563
1116,-9.955283,-35.94498
1117,60.457737,-7.052215
1118,67.07275,-8.7429905
1119,-26.364035,-20.052876
1120,-16.302374,1.6406177
1121,79.60029,-4.0791273
1122,-36.960926,-2.1766493
1123,2.3973715,44.972168
1124,-25.175156,-18.820875
1125,-29.817795,9.778019
1126,-25.686953,-15.813934
1127,-20.759731,-22.262348
1128,-12.359122,-42.413387
1129,-33.20829,-5.519974
1130,-17.165735,3.7040677
1131,-6.1980033,26.256212
1132,-7.4378777,-42.904915
1133,3.4871125,49.525867
1134,-21.375496,19.5829
1135,1.450979,-48.925194
1136,-30.867132,5.766106
1137,-29.416868,3.0182462
1138,-23.033531,-9.648583
1139,-22.845404,-1.6499263
1140,0.4698304,29.139105
1141,7.7571335,53.281345
1142,3.6449802,49.73796
1143,-3.9609718,42.590176
1144,-13.897858,-6.8783097
1145,-34.58707,-21.073668
1146,56.49274,-5.492631
1147,-2.9783242,24.736994
1148,-4.8568416,32.57552
1149,-28.584093,-16.756649
1150,11.6696005,49.53801
1151,-33.002388,-23.39617
1152,-27.326563,-10.666687
1153,-5.0684576,-34.203506
1154,-10.526089,-12.257367
1155,-2.5204155,38.28222
1156,2.7009022,50.48201
1157,-23.32913,16.407804
1158,-4.806365,25.620207
1159,-23.84179,23.271246
1160,-20.786236,-22.448336
1161,-12.129906,24.570316
1162,3.8990836,51.518894
1163,-29.900814,6.720911
1164,-0.4461564,-46.614723
1165,13.845238,51.51604
1166,60.918934,-0.14124893
1167,-23.061926,-1.1312381
1168,-18.008755,-37.33312
1169,-31.785864,6.3894477
1170,-15.199565,0.55262005
1171,-35.347332,-19.338198
1172,-7.421629,-18.926756
1173,-19.024109,-42.09379
1174,11.530442,45.71164
1175,-33.753975,-13.370684
1176,-29.264004,8.569726
1177,-11.843403,26.792048
1178,-21.879381,3.7945733
1179,-8.55409,37.289494
1180,-32.52217,8.109396
1181,-4.5722823,43.968857
1182,-29.851961,-22.629871
1183,-6.805878,41.88387
1184,-17.61853,18.071201
1185,-8.858074,-51.115658
1186,-17.430708,-38.776775
1187,0.054487277,40.250206
1188,-28.466675,-26.668322
1189,-34.00276,-7.7721925
1190,-16.903004,2.0415008
1191,-22.110765,0.6547922
1192,-1.0791668,33.32476
1193,-19.430466,-10.993194
1194,-3.0968778,36.68633
1195,-13.008984,27.751963
1196,-20.830719,-34.168453
1197,-8.901641,43.646988
1198,66.78642,-9.484676
1199,-14.197145,-42.95697
1200,-19.060854,-26.635258
1201,-1.7131295,40.127
1202,-27.62381,-16.843449
1203,-28.824903,-23.028101
1204,-12.695304,-11.703491
1205,-22.258696,3.513751
1206,-18.224815,1.5585407
1207,-2.325314,43.158386
1208,12.868008,49.936367
1209,-22.348108,7.334407
1210,-2.5357199,-33.753357
1211,-28.667221,-26.517609
1212,-0.15182361,44.93855
1213,-24.220848,-36.459538
1214,-18.741323,4.307472
1215,-26.835674,-14.924404
1216,-13.629075,29.721647
1217,-29.561342,4.296725
1218,-1.0079108,49.76441
1219,-13.708364,-12.313322
1220,-3.325849,-43.6576
1221,-4.334715,48.78294
1222,-16.127514,19.713036
1223,-48.74993,-10.38701
1224,11.748803,37.15354
1225,4.2364993,46.676273
1226,-17.624767,20.300797
1227,-8.519706,-13.697124
1228,-22.235636,-34.30887
1229,-9.105152,30.43539
1230,-4.5277157,-5.6677456
1231,-7.30995,38.90394
1232,-1.0157597,-18.705946
1233,-1.5451632,-45.596725
1234,-18.313063,20.397034
1235,-26.125332,-15.708277
1236,-20.3068,9.4330845
1237,-38.893948,1.1854839
1238,-13.39194,-10.075323
1239,-22.517124,7.8467793
1240,-27.393362,-15.157842
1241,-21.763897,-43.89982
1242,-21.90368,-44.50412
1243,-0.33473432,-47.00342
1244,-3.440008,-49.142395
1245,-7.0127673,32.941704
1246,-12.931157,-9.942657
1247,-2.1404874,-44.700325
1248,-11.226602,34.99261
1249,-39.880814,1.1337206
1250,-34.66252,9.766879
1251,-17.708895,1.5341127
1252,-16.785494,-11.696332
1253,-34.148834,-33.579857
1254,-12.932452,-10.869522
1255,7.1820955,43.450054
1256,-21.731829,0.8347964
1257,-11.263155,9.673302
1258,-16.001932,-7.789877
1259,-0.25655606,21.743488
1260,-23.133444,-39.69246
1261,77.97944,-4.1255107
1262,-6.7893314,35.00776
1263,-12.838808,-37.368618
1264,2.2151482,44.29888
1265,63.69117,-1.4065886
1266,-12.901205,-36.869656
1267,-37.99278,-11.696089
1268,-21.80551,-24.504723
1269,-5.430708,-55.64924
1270,62.541473,-4.2157207
1271,-36.42708,-9.633298
1272,-13.917597,-35.306355
1273,-23.39306,-21.635956
1274,-28.620153,14.134442
1275,-14.896755,-32.056477
1276,-26.685682,-25.524889
1277,-8.696434,35.598038
1278,-4.5461326,35.8177
1279,-11.029146,18.213972
1280,-26.073595,-12.445105
1281,-16.9949,8.144967
1282,-31.474234,-20.089294
1283,-11.028946,-18.69074
1284,-2.8449056,35.338474
1285,-29.673752,13.9790945
1286,-28.258915,-8.447455
1287,6.1985765,53.954517
1288,-5.4986887,-55.761032
1289,11.102647,42.70205
1290,-13.042696,-30.543139
1291,-24.975887,-12.609674
1292,-27.861813,-18.785578
1293,7.195286,49.780575
1294,65.10314,-6.946227
1295,-13.374856,-35.24849
1296,-33.52816,-10.232217
1297,-17.614754,-21.9216
1298,-3.5337017,34.816277
1299,-6.024798,42.842945
1300,-5.4831347,-55.370174
1301,-23.191921,-8.533989
1302,53.007874,-5.683052
1303,79.94653,-3.405966
1304,-34.216423,-8.07096
1305,70.4391,-8.695671
1306,-9.731042,-33.237167
1307,-12.329945,-15.77853
1308,-6.98746,-31.484312
1309,-5.722519,-36.868786
1310,-7.868429,-32.477417
1311,7.978298,46.58636
1312,-24.979418,-22.654678
1313,-10.535266,-42.871647
1314,14.755039,48.572033
1315,-14.998444,-38.60896
1316,-17.111841,-16.751574
1317,62.8707,-2.9413233
1318,-41.287766,-21.221676
1319,-29.203808,-10.909584
1320,-27.538525,6.542112
1321,3.3713048,41.49769
1322,-12.109457,-39.31358
1323,-8.674282,-40.731712
1324,-11.854069,-18.129866
1325,0.03316518,35.106415
1326,-5.121671,24.654558
1327,-23.942493,-13.347174
1328,-6.1007075,-40.383595
1329,-12.6515,-38.925625
1330,-2.1365182,30.787085
1331,-20.153214,-8.144894
1332,-27.356573,-6.813161
1333,66.6472,-9.716346
1334,2.0295265,27.634615
1335,0.8235718,36.263714
1336,-19.841644,-8.494969
1337,16.189983,51.08656
1338,8.219289,34.90909
1339,-5.611195,-34.879784
1340,-5.3194613,45.810226
1341,59.159866,-6.2024484
1342,-5.1637726,25.312195
1343,6.987692,47.23952
1344,66.40879,-10.083281
1345,7.7590766,46.776707
1346,60.83525,-2.9062831
1347,-17.861382,-14.011257
1348,-6.6399837,-13.831916
1349,-20.59348,-4.222499
1350,10.154918,51.039017
1351,9.008615,36.656456
1352,66.32746,-8.728056
1353,-22.811394,-21.962683
1354,-21.724215,-7.9019737
1355,-13.834403,20.867863
1356,-26.620556,-7.2825136
1357,-4.0515704,24.623737
1358,2.214069,34.715508
1359,70.97777,-8.677562
1360,1.2238984,-48.485657
1361,-18.63793,4.9909225
1362,10.22301,46.8444
1363,3.788196,47.334972
1364,-17.894218,-7.5559716
1365,-18.957228,-16.259056
1366,-22.925749,-8.445094
1367,-27.397177,11.945292
1368,1.9961114,-46.1949
1369,0.443205,45.74113
1370,7.153117,46.263073
1371,-10.286409,26.03652
1372,-10.009041,24.282888
1373,-8.294559,-53.324055
1374,-23.868488,-38.02709
1375,-4.2323446,25.161734
1376,7.876493,46.541523
1377,13.378074,52.867737
1378,-21.347229,-7.3978496
1379,-19.179842,-27.81467
1380,-3.6697693,38.79749
1381,-18.755339,9.410864
1382,-0.23726122,39.258965
1383,59.906178,-6.4118285
1384,-21.80442,-29.40511
1385,-7.517198,-20.03015
1386,-6.9220014,-13.537635
1387,-38.108795,-11.176937
1388,-13.637348,-29.894135
1389,-28.489933,14.472541
1390,-21.963287,-37.79201
1391,-12.338291,-17.795887
1392,-16.580463,6.255854
1393,-16.225298,-12.09493
1394,-0.535403,42.97952
1395,-22.386297,-38.63751
1396,-21.128502,-14.002969
1397,13.210725,36.963154
1398,0.49292636,30.165703
1399,-2.5359101,37.33206
1400,-17.693663,0.53561574
1401,10.390766,37.8424
1402,-12.4250965,28.59493
1403,7.8195376,34.597927
1404,-15.65948,4.2959237
1405,-0.67166376,-51.686077
1406,-6.4295373,-42.157486
1407,9.96107,45.55098
1408,-2.2488453,39.35685
1409,-11.86988,-44.76004
1410,-18.701197,-21.524044
1411,-14.114968,-13.069193
1412,-15.90115,-30.937855
1413,-1.7321821,26.444551
1414,-22.396526,-3.7211611
1415,-22.37283,-43.23444
1416,9.463254,36.83086
1417,-1.1572789,35.555874
1418,4.050185,33.766617
1419,-1.3744774,-16.445766
1420,-4.202424,-36.87696
1421,-9.194185,30.508091
1422,-10.862918,-10.945913
1423,-4.9313664,27.340313
1424,63.077538,-12.193804
1425,82.29524,-2.5080886
1426,-37.23428,-13.286253
1427,7.501059,31.760586
1428,-13.513873,-11.753897
1429,-13.555776,-15.100408
1430,-24.992786,-15.534476
1431,-8.484649,-18.265093
1432,-34.5479,-16.75651
1433,-17.81727,3.9409804
1434,14.922364,51.35376
1435,-21.103058,-41.627567
1436,-11.968224,29.94171
1437,-14.304914,35.221367
1438,-16.338474,17.98748
1439,11.888006,46.51202
1440,-3.7497177,-43.696316
1441,-19.177263,-43.69321
1442,4.393959,34.578667
1443,-13.068745,34.5263
1444,66.74216,-7.485739
1445,-7.4649286,21.954216
1446,67.22184,-6.663246
1447,-35.071312,-10.493165
1448,67.2862,-4.8311296
1449,2.3771389,46.405415
1450,-3.135512,-51.68528
1451,-14.875616,-18.095171
1452,60.20221,-4.2986956
1453,69.357834,-8.080869
1454,64.10469,-6.405397
1455,65.1726,-2.6505558
1456,4.4345326,-51.658997
1457,-32.105392,-17.675539
1458,-26.056025,-25.804037
1459,-31.888596,-19.013664
1460,65.11573,-0.959225
1461,5.62991,50.7441
1462,-8.888964,-31.7179
1463,-7.7061586,-31.532665
1464,-5.0464892,-32.412003
1465,-28.72519,9.427078
1466,-29.121105,-10.956808
1467,-19.954775,-17.640442
1468,-26.398518,-5.752619
1469,-8.111937,-39.402752
1470,-12.331487,-32.33816
1471,13.775474,50.579975
1472,-32.91965,-8.797445
1473,13.510814,52.858738
1474,-13.607205,-2.737343
1475,66.3479,-4.032433
1476,66.93132,-5.2002
1477,8.881788,45.972973
1478,-9.531742,16.206488
1479,-10.920435,-40.390934
1480,7.993117,54.307705
1481,-3.2451012,-24.388563
1482,6.344466,52.30658
1483,-13.6914425,-14.549703
1484,-37.48762,-11.859746
1485,-16.871115,8.25756
1486,-0.06504003,-38.366783
1487,1.1377718,-39.569195
1488,-4.043991,36.01105
1489,-33.609707,-7.9923654
1490,-17.563923,-20.86751
1491,1.7928743,36.09729
1492,-29.163502,-21.525448
1493,58.121128,-4.033544
1494,-5.8489356,42.931713
1495,-17.265772,-24.26807
1496,-8.813109,18.611336
1497,-15.396746,6.7682066
1498,4.013575,-50.31352
1499,5.4842644,39.580566
1500,65.00726,-7.325509
1501,-16.547792,-33.210896
1502,-28.498707,0.21036878
1503,70.936264,-7.387885
1504,-0.15876403,-26.165304
1505,-22.568932,-5.664902
1506,-28.234236,1.0228188
1507,-26.605282,-12.899863
1508,-10.63995,21.572472
1509,-11.339442,-32.6724
1510,-18.814735,-24.441458
1511,-23.744127,-13.1234045
1512,3.8024445,40.792908
1513,-5.4430766,-52.771103
1514,-32.49481,-9.917838
1515,-8.571959,18.571686
1516,-27.694098,-13.254693
1517,-2.0900586,-37.968628
1518,-16.133022,8.738488
1519,-35.109234,-8.118558
1520,-12.374494,2.1494598
1521,-27.406956,3.0614698
1522,-4.045221,-53.314728
1523,-11.146257,-17.85152
1524,-5.1808405,-50.465157
1525,-32.946697,-6.2620664
1526,-8.456548,-34.127487
1527,4.816605,-50.505013
1528,-15.419525,10.40067
1529,-5.0092106,-34.251766
1530,61.70859,-6.838496
1531,-6.220588,-19.461065
1532,66.64663,-8.255167
1533,-7.4452925,-38.85761
1534,-6.036048,36.47651
1535,2.8827548,-44.616383
1536,-7.8493614,-22.232985
1537,-16.867968,-21.642372
1538,6.8821306,33.916798
1539,-13.167284,11.535407
1540,-3.8229773,-22.86803
1541,7.236071,48.671463
1542,-19.076544,-2.6966772
1543,-28.013273,-8.814643
1544,-12.091323,3.4628236
1545,-26.276766,-16.628893
1546,-27.429277,-21.727156
1547,-29.219915,-16.373075
1548,-8.757835,-9.947386
1549,-6.820997,26.595524
1550,-15.741897,0.5473341
1551,0.6071092,27.848743
1552,2.4555945,-50.270065
1553,7.97988,20.687386
1554,4.8927646,50.41949
1555,5.6141324,35.72858
1556,-18.22211,3.2372994
1557,-0.9662946,35.418884
1558,3.6985457,39.14897
1559,-13.058902,14.787588
1560,-17.568617,-27.287941
1561,-12.153968,-21.549812
1562,-26.451311,9.720707
1563,59.162437,-5.934985
1564,-5.922299,-43.851604
1565,4.3387294,34.667152
1566,-14.454766,4.574034
1567,-6.1448045,10.969382
1568,-25.712873,-7.3559194
1569,0.3809454,39.644733
1570,-4.4733953,17.104528
1571,-24.942844,-15.650331
1572,-4.292427,-43.511818
1573,-17.602406,-38.4217
1574,-18.563486,-21.380802
1575,-12.051927,-12.052585
1576,-17.368286,4.7284603
1577,-16.498377,-19.843512
1578,2.666676,23.287693
1579,-10.491847,-8.81415
1580,-23.696459,-17.254728
1581,9.232948,33.308758
1582,-13.718669,-9.211103
1583,-9.768723,-9.511735
1584,-14.119467,20.97955
1585,-5.257393,-41.865303
1586,-7.055683,-45.59126
1587,-27.46733,-16.83294
1588,2.5950506,-40.37937
1589,-19.136019,2.0537686
1590,-15.382978,-5.086749
1591,-19.31049,8.023858
1592,-1.9303416,6.081537
1593,-34.143803,-20.333466
1594,8.778578,39.722473
1595,-4.8217297,-48.86805
1596,-9.740798,-14.828685
1597,62.664635,-7.1130843
1598,7.360939,34.70159
1599,-39.630207,0.18919778
1600,-15.77931,16.68959
1601,-12.426896,-10.226414
1602,-12.8423195,-8.953053
1603,-2.8035362,36.513596
1604,-2.5520895,-34.004528
1605,12.158799,44.177265
1606,-1.5268074,-45.629803
1607,0.65583277,4.1032624
1608,14.713067,35.869114
1609,-18.485912,-27.463291
1610,-5.239563,-5.0698524
1611,1.9973373,21.915989
1612,-15.056978,21.523928
1613,-10.983792,30.450705
1614,6.098676,43.533085
1615,7.102959,-47.7417
1616,-3.9619749,-37.673275
1617,-20.324493,12.121131
1618,-5.5016756,19.6798
1619,11.818725,38.152077
1620,-21.866419,7.0926857
1621,-10.988824,10.1535225
1622,-14.710323,3.0927649
1623,-29.37359,4.685203
1624,-0.88301075,-45.233902
1625,-20.281612,11.836122
1626,-1.0722654,-16.89231
1627,10.209749,37.2021
1628,-1.6904813,25.267988
1629,-6.1284204,-42.36487
1630,-14.206435,17.448605
1631,13.479597,37.15382
1632,-11.368084,-41.682545
1633,0.8290683,21.51673
1634,-11.666246,-44.883434
1635,-4.02019,-40.32333
1636,-6.2527633,-46.95329
1637,-1.561633,-45.162453
1638,-12.670061,26.867674
1639,-7.7995358,-13.2245655
1640,-7.9794526,26.285057
1641,-39.10273,-0.7167126
1642,7.705749,44.222015
1643,-11.53072,-42.961082
1644,-12.124559,-14.429404
1645,-0.99220157,-18.565609
1646,10.158914,45.056828
1647,-9.097155,-12.534615
1648,13.374997,37.247623
1649,-11.2872305,-13.453982
1650,-25.112032,-19.044676
1651,81.09154,-2.768724
1652,-8.477619,37.35709
1653,-9.394701,4.323662
1654,1.3416655,21.747238
1655,5.950618,51.37201
1656,-11.905879,-33.051697
1657,76.96859,-6.807759
1658,6.2738423,45.95906
1659,-40.469963,-20.214823
1660,-28.278648,-1.8492112
1661,-2.2378452,-55.322308
1662,-1.6560537,36.86431
1663,-4.585906,-53.54933
1664,6.597537,53.858646
1665,-5.2789884,-50.96265
1666,-2.077666,-50.90516
1667,-28.365808,-1.8110151
1668,-34.834663,-10.620207
1669,-35.59036,-11.863289
1670,67.97851,-5.9019775
1671,-31.590132,-6.0768647
1672,70.07986,-0.5411135
1673,67.85542,-5.2481804
1674,-3.822095,-32.491726
1675,-26.83612,0.2544676
1676,3.200886,43.839672
1677,71.27824,-8.049913
1678,-2.3156476,-54.77827
1679,-8.710884,-29.709352
1680,-25.58213,-12.163774
1681,-22.657665,-5.425004
1682,-31.644724,-8.77974
1683,-12.461167,-37.045235
1684,-27.498116,-8.266731
1685,-30.097498,-1.2497792
1686,-20.780783,-9.484185
1687,13.316575,43.926674
1688,-30.24943,-17.984358
1689,-20.487135,27.031096
1690,-16.563906,-25.29597
1691,67.253426,-2.102984
1692,3.965019,-48.779366
1693,-34.520763,-9.580077
1694,-27.546576,-6.4678955
1695,12.433061,42.7396
1696,1.0633215,23.286642
1697,-1.768232,30.686096
1698,-10.926682,-18.032833
1699,-14.025865,10.859199
1700,-11.19287,-32.156494
1701,-21.96476,-2.1116383
1702,-15.9325285,7.630103
1703,-2.2593112,-27.824286
1704,-11.111764,-25.079268
1705,-17.300299,-2.0709803
1706,-13.457382,-18.137363
1707,-10.2477255,-38.58629
1708,-30.06205,-9.206173
1709,-35.177868,-10.7570715
1710,-26.324347,-5.6056905
1711,-13.72359,-33.286934
1712,3.6654768,48.93876
1713,-0.5756493,33.426353
1714,-6.111008,-32.139027
1715,1.8818406,-49.348454
1716,-6.0993824,-42.890633
1717,-8.504629,-21.460527
1718,62.641586,-3.8539903
1719,2.2644675,40.245712
1720,-34.102573,-8.486773
1721,-6.938113,-56.62076
1722,5.0648103,-39.9463
1723,-7.1579504,19.186777
1724,-1.8143449,26.087217
1725,-17.67991,-27.278538
1726,58.96575,-5.4900146
1727,-11.297643,-40.144276
1728,-0.78684425,-39.754025
1729,-3.727436,-45.809334
1730,-7.052339,10.495661
1731,1.8234175,32.697147
1732,1.4901564,37.745453
1733,3.7047684,43.05367
1734,-16.814053,-14.949643
1735,-17.628544,-2.4003034
1736,5.4330645,-48.09736
1737,-34.29112,-20.443869
1738,-0.7937177,10.233631
1739,60.842785,-3.6379929
1740,3.674545,-47.73566
1741,-14.6001835,-18.661886
1742,-26.901228,15.362574
1743,0.5479718,-45.885788
1744,81.82674,-2.0311732
1745,13.982591,46.40643
1746,-6.277688,-31.184418
1747,-22.141201,-1.0785093
1748,-2.3944068,-43.31602
1749,-14.9771,-15.788938
1750,4.3386703,46.535557
1751,-38.441135,-22.914707
1752,5.5762773,-25.04753
1753,0.10554478,-24.796646
1754,17.97226,49.627304
1755,-10.310591,-38.744106
1756,-30.596407,5.329802
1757,-17.471828,-18.195213
1758,-3.4074092,-35.347916
1759,-1.3089337,-32.349125
1760,10.746201,36.659565
1761,-12.037556,-26.279865
1762,6.6100707,-49.983448
1763,-9.256181,-8.034333
1764,68.02452,4.017799
1765,-16.36457,-13.406543
1766,-11.781281,3.073077
1767,-13.540336,2.1538138
1768,0.6043113,-25.209661
1769,-5.313997,-46.919144
1770,-0.8563031,33.47324
1771,0.67805463,42.158096
1772,-12.729515,4.0638566
1773,0.70401514,-20.128605
1774,-11.937551,1.2034394
1775,-25.066439,-16.708391
1776,-0.4817189,-43.796955
1777,-35.532658,-18.2529
1778,-20.906715,-1.8882715
1779,-2.6745596,6.313792
1780,-10.1606655,-13.54714
1781,-9.493079,-12.431849
1782,7.1764913,48.17175
1783,-4.0944943,-36.063896
1784,3.1322985,-43.145103
1785,-16.801392,-4.613816
1786,0.32677045,25.431734
1787,1.9523708,-20.836428
1788,-16.964489,5.143907
1789,-10.319286,-13.398762
1790,-0.39394045,-41.600555
1791,6.613079,30.834057
1792,9.0854,23.798594
1793,-14.600249,-42.89423
1794,75.435,-4.0314384
1795,-16.46709,-4.702515
1796,-13.967898,4.3060675
1797,-0.385309,-39.7911
1798,-1.670168,-43.3368
1799,80.628525,-2.4797564
1800,81.08746,-2.6225803
1801,66.25668,0.3035879
1802,68.622055,-0.069576845
1803,-30.67057,-22.129948
1804,69.86727,-5.3516254
1805,-31.152605,-19.39266
1806,12.72753,55.62943
1807,-23.867887,-26.929207
1808,-25.275736,-25.631317
1809,-8.005556,-43.790928
1810,-15.683762,7.402031
1811,7.06304,-45.973145
1812,0.4484069,35.086205
1813,-1.2894136,37.651985
1814,7.6994963,-45.79657
1815,-2.8624558,-24.494242
1816,68.78561,-3.1563475
1817,5.9465256,-48.54555
1818,14.213049,46.841557
1819,6.7474585,39.571667
1820,-25.766659,-25.777935
1821,-7.4279904,13.205005
1822,0.4665561,-39.302162
1823,67.09338,1.9117398
1824,2.4371905,41.497997
1825,68.84067,-5.259184
1826,-2.5038075,-24.837896
1827,8.636213,-44.67627
1828,4.8007693,-46.160194
1829,0.75985277,33.866425
1830,-1.2868562,13.425021
1831,3.2913177,27.93202
1832,13.247972,45.328053
1833,12.505093,26.396467
1834,15.8392935,48.10135
1835,2.215547,36.56236
1836,14.928359,48.81313
1837,-11.3217535,4.8759923
1838,3.824559,-22.924671
1839,7.1220675,21.598831
1840,-2.6948633,-21.430235
1841,-8.535974,21.757664
1842,-12.60704,-19.193336
1843,-16.54487,-33.17932
1844,-7.182868,19.014984
1845,5.309003,-50.976826
1846,-14.32741,9.306436
1847,3.7868528,-24.213419
1848,-8.890944,13.658399
1849,-15.33554,-33.971825
1850,12.605821,42.573994
1851,-5.193638,-16.723007
1852,-26.167952,9.4750185
1853,2.6047478,20.717834
1854,-8.203791,-3.579974
1855,6.306965,-51.293648
1856,56.764774,-3.2636502
1857,2.51016,-50.229717
1858,82.027466,-3.5375853
1859,68.045685,-1.2846764
1860,-8.997622,14.835643
1861,-16.588745,-13.617332
1862,-6.3979654,19.284744
1863,-17.57213,-24.174793
1864,2.8466425,27.980433
1865,-12.349608,-30.865662
1866,-13.949166,-14.452002
1867,-6.300037,-35.552124
1868,-13.298256,-6.3295507
1869,-13.632908,0.7420996
1870,13.920706,41.63431
1871,1.3957651,-42.97231
1872,-8.810861,-29.30824
1873,-10.949001,-14.953278
1874,18.701473,39.229877
1875,7.323469,43.308117
1876,1.9852151,-20.279575
1877,-6.7643356,-20.63762
1878,-14.942719,-3.5369165
1879,10.084779,35.710495
1880,-5.970634,-40.490097
1881,15.923486,45.839672
1882,-6.5026884,10.723663
1883,80.36313,-2.2299104
1884,-18.087221,-27.396986
1885,-17.36963,-14.771115
1886,-10.47297,0.8771579
1887,17.050407,42.29437
1888,-13.502227,3.4245515
1889,-10.934757,1.6692905
1890,-1.9934679,-41.287224
1891,12.459866,43.792797
1892,-37.4446,-21.81115
1893,5.1766353,36.333492
1894,-9.520645,24.03055
1895,6.9147673,-50.72875
1896,3.139853,22.519936
1897,9.241559,26.757019
1898,3.8662937,41.508957
1899,77.01205,-6.749405
1900,-11.735705,-12.466828
1901,-9.213011,24.777887
1902,1.4147154,21.811293
1903,-4.687295,-45.086975
1904,-10.320463,10.797631
1905,3.618359,-22.49725
1906,-7.822571,-44.21853
1907,-2.0758722,-38.00732
1908,0.8325799,43.46545
1909,-3.7260044,-45.685406
1910,2.7281153,16.45211
1911,-9.085556,-45.82261
1912,-2.3278208,-38.683445
1913,-7.556847,-20.606333
1914,-14.966937,-26.560968
1915,-13.570123,-32.832485
1916,5.245247,37.263855
1917,-8.774185,-45.17358
1918,-0.81744426,-34.159977
1919,7.4489927,-47.71191
1920,16.186659,45.810417
1921,-14.702274,-37.67375
1922,5.0202694,-46.271946
1923,2.7260263,16.449076
1924,1.9216472,8.378596
1925,-16.888983,-13.515721
1926,7.0928693,-38.57048
1927,0.24329814,-46.14265
1928,-3.5707393,-36.82343
1929,6.665077,-38.521706
1930,11.8818865,35.031662
1931,-9.335596,-10.734514
1932,-3.6624074,-40.783344
1933,9.33359,21.395481
1934,-12.349949,-8.239138
1935,0.4916161,-20.119911
1936,-11.267741,34.337105
1937,5.047891,37.239277
1938,9.58323,21.932806
1939,-1.9635361,-5.914347
1940,-9.159006,0.8874237
1941,6.202546,41.95328
1942,68.43586,-4.8083086
1943,68.402794,-1.7950145
1944,-14.250294,-34.899647
1945,58.674103,-3.2591865
1946,17.104979,41.412846
1947,-27.82444,-0.59162253
1948,65.75154,-0.31168893
1949,17.736242,44.385067
1950,-31.224895,-19.412157
1951,21.217985,35.158283
1952,-9.569341,18.375204
1953,-12.176164,-1.6852148
1954,17.141512,50.477974
1955,73.17603,-6.1452694
1956,2.0204313,-41.85981
1957,63.4122,-3.442209
1958,-1.7889876,-22.315502
1959,1.1391981,-38.594868
1960,-4.867776,-17.669641
1961,-16.639563,-23.648762
1962,-3.6816742,26.518759
1963,-27.71296,8.786797
1964,-41.31426,-21.19478
1965,67.41079,-8.408733
1966,6.9201727,-42.85326
1967,68.94783,-4.7684727
1968,69.93848,-0.53651756
1969,-4.5881405,-31.458551
1970,65.6376,-1.5771499
1971,-10.6459875,-16.265455
1972,10.618876,40.82031
1973,2.0460827,32.749092
1974,63.86711,-4.4776387
1975,-25.542566,1.005344
1976,-8.115558,-36.875652
1977,-1.283662,-42.504585
1978,9.829061,35.198277
1979,-2.3030038,-30.51846
1980,-26.53525,0.314102
1981,-14.670599,-17.160646
1982,-1.5565424,-25.573833
1983,-2.5255096,-21.708115
1984,-25.665857,-13.558896
1985,-5.30776,-4.3096766
1986,-13.099362,5.325587
1987,0.12679084,-30.359322
1988,-11.602968,7.1321335
1989,-9.188133,15.9816065
1990,4.32357,-45.331436
1991,-15.838764,-18.159393
1992,10.274737,33.105648
1993,-6.051269,-10.331852
1994,-6.982701,-38.780235
1995,0.7617395,31.998182
1996,-10.699463,-6.2820816
1997,65.7307,4.348925
1998,-7.9908547,-15.710733
1999,15.22373,37.593594
2000,6.8462143,18.718887
2001,-8.424705,13.795961
2002,-14.059612,-2.7237058
2003,12.559888,26.443523
2004,1.9216367,-42.154804
2005,4.095742,22.296505
2006,8.533076,-49.592976
2007,14.321644,41.202393
2008,8.355884,-48.19471
2009,-15.760149,-3.4466243
2010,17.467085,35.529636
2011,-28.00616,7.880337
2012,-18.662355,-14.681979
2013,69.56372,3.3202546
2014,-21.518934,-1.8662418
2015,10.266744,30.07594
2016,-9.132548,0.38388145
2017,-4.8503923,-2.0118043
2018,-10.905565,2.06613
2019,1.1203288,-25.26061
2020,68.255035,4.1694155
2021,-0.970386,-42.61028
2022,-9.464132,5.2390623
2023,-11.356905,-42.63733
2024,9.159317,20.606606
2025,9.782372,20.494555
2026,3.2920191,-21.313364
2027,9.025838,19.430845
2028,-4.071826,-3.5185626
2029,4.357458,-14.338325
2030,-14.310672,-26.818396
2031,5.6296616,21.88394
2032,1.6613648,-43.09264
2033,-3.0986338,-12.166305
2034,7.1298475,30.022161
2035,17.044832,36.798893
2036,4.5891657,-20.710325
2037,-7.8198524,6.5582757
2038,8.064627,29.921555
2039,17.748642,38.38104
2040,-6.769536,5.9707017
2041,-9.039499,4.3197427
2042,-1.7091876,-34.019005
2043,16.555193,36.46607
2044,-0.34028178,-27.111988
2045,10.078757,30.867443
2046,-3.2851408,-5.5153384
2047,-14.720457,-4.750595
2048,6.2651906,31.440022
2049,3.628859,17.305498
2050,-6.9939537,-0.98527217
2051,0.60253954,41.934277
2052,9.220713,26.739393
2053,59.073296,-3.6421423
2054,-23.637468,-26.85768
2055,69.10034,-6.2006435
2056,71.150734,-4.507782
2057,-41.84594,-13.172219
2058,69.41348,-0.88100064
2059,69.42512,-4.3595757
2060,16.69213,46.432796
2061,3.2351718,29.974436
2062,69.217804,-2.870167
2063,14.858174,47.14277
2064,20.012934,46.540665
2065,-8.749506,21.443651
2066,-1.4104899,-26.240927
2067,7.575045,-50.791718
2068,-4.0009165,2.9391167
2069,-23.67964,-25.64064
2070,7.2308636,-50.770813
2071,-32.670944,-8.290368
2072,70.275246,-1.8054388
2073,9.985654,35.230427
2074,18.466103,39.96657
2075,14.905536,43.57028
2076,6.71279,-43.573666
2077,-12.145227,-21.583153
2078,19.063473,35.457893
2079,-2.9573271,2.5612311
2080,-1.2470443,-23.905138
2081,1.3076113,-40.295773
2082,9.827762,34.324867
2083,79.04906,-0.9975173
2084,-8.159943,-7.250428
2085,7.079646,17.939882
2086,-12.085823,-1.558021
2087,14.979349,46.357136
2088,0.8348561,-40.42818
2089,3.887753,2.4098103
2090,15.600391,26.306005
2091,-8.383366,-26.340729
2092,5.2287183,-32.63953
2093,-13.45994,6.4552083
2094,-8.257167,6.435786
2095,12.382785,25.712072
2096,-10.609609,9.75932
2097,-14.094577,-23.696154
2098,-1.2991935,-37.11572
2099,1.1999439,-37.334194
2100,18.739157,36.846386
2101,1.21963,4.312663
2102,8.308206,-47.25045
2103,61.277275,0.42734402
2104,-4.1065435,-12.126541
2105,4.7548847,-48.29942
2106,-8.31772,-13.6530285
2107,7.6348286,24.36347
2108,4.746472,-47.663822
2109,7.6432242,33.699356
2110,69.64648,3.7367506
2111,-6.301933,-21.116356
2112,-2.1527438,-5.039561
2113,-2.0332212,-4.4531436
2114,7.1561813,-24.431696
2115,6.8150644,-1.970767
2116,1.4662889,-43.19091
2117,-8.608137,2.4389732
2118,13.277688,17.302662
2119,-0.626663,-32.902138
2120,-4.929055,-14.771488
2121,-9.477923,5.396205
2122,11.368176,-43.90487
2123,-14.333786,-26.164696
2124,3.9650807,-16.506971
2125,-7.321156,1.9284886
2126,-4.6875415,-45.33946
2127,17.302118,35.841114
2128,1.2904989,-25.003323
2129,-11.457636,-44.94465
2130,-11.582868,-25.98075
2131,-5.2159796,-46.15653
2132,7.0727344,4.5543146
2133,-3.720316,-45.027042
2134,10.169622,27.852705
2135,-2.7512434,-42.379623
2136,18.277576,32.055126
2137,6.1056967,-25.898417
2138,15.378427,37.24655
2139,1.4857893,-5.7571483
2140,4.5710645,-49.525127
2141,7.0499396,-43.60055
2142,18.612795,46.209507
2143,-3.557887,2.6729383
2144,18.794392,45.672504
2145,-11.924633,-36.37063
2146,5.7088447,-35.959183
2147,-5.718797,1.9074771
2148,-0.7613144,-3.272338
2149,72.99342,2.6638482
2150,-4.243455,0.66191965
2151,-4.194225,-14.930929
2152,70.50257,1.8276877
2153,3.9210334,-28.92297
2154,-15.110807,-28.18403
2155,-1.0069329,-0.030596368
2156,72.48074,-4.0695796
2157,-12.362634,-30.29799
2158,4.4135227,25.885376
2159,-4.885913,-16.610151
2160,-16.52089,-23.570301
2161,71.3866,-3.794956
2162,14.9035635,23.34949
2163,13.665733,20.129269
2164,77.51358,-1.4720616
2165,-0.9897047,5.5966864
2166,2.835209,-37.01332
2167,2.5929704,-27.210247
2168,4.5201273,26.751686
2169,19.148888,38.353275
2170,22.588455,38.382942
2171,3.4275439,-26.000525
2172,-2.1899254,-40.683388
2173,19.88521,35.927055
2174,2.8012614,-36.91058
2175,3.9466898,-17.150412
2176,9.28469,-46.771873
2177,12.395599,28.64915
2178,-1.2522217,13.429301
2179,-16.314592,-15.307383
2180,18.885864,35.436375
2181,18.600132,48.75944
2182,13.020385,21.680956
2183,-6.271712,-10.481499
2184,1.9272182,-30.65575
2185,1.6760885,-25.549017
2186,10.816783,-42.031048
2187,-25.601238,0.96369535
2188,0.8072236,3.0482588
2189,68.95734,-1.486426
2190,18.1201,38.09053
2191,-5.086617,-1.4414146
2192,20.327469,39.93977
2193,3.3372955,-24.352682
2194,-15.686555,-13.759439
2195,3.679171,-22.05868
2196,81.37117,-0.33645108
2197,2.979182,-27.230698
2198,81.64822,-0.6694998
2199,-0.013488535,-2.370312
2200,-3.5875683,-2.3775299
2201,15.7513275,16.37561
2202,67.57874,-9.929219
2203,-1.9929142,-12.393742
2204,7.678695,5.183373
2205,6.3931026,-25.01875
2206,11.282249,20.89958
2207,11.01971,28.041779
2208,10.327037,20.211536
2209,-0.036311302,-23.25079
2210,7.9900284,23.882595
2211,20.392883,39.672577
2212,-8.534776,3.0645251
2213,20.687857,36.0587
2214,15.21335,35.562286
2215,18.097063,33.289776
2216,11.535648,23.52465
2217,5.1435504,-21.858805
2218,0.6493606,-34.908237
2219,1.7483672,-9.176015
2220,2.013882,-17.43461
2221,-1.4454376,-12.526287
2222,1.0847319,-23.195795
2223,9.407286,-27.274208
2224,-10.412193,8.36742
2225,16.769072,29.171515
2226,16.217257,34.773037
2227,10.909025,22.42715
2228,-3.8722389,-41.487007
2229,71.87855,0.4350767
2230,71.20602,0.38888124
2231,74.016525,2.4785523
2232,70.19563,-3.7465158
2233,82.34003,-0.62235874
2234,9.436555,-44.56081
2235,0.7775334,-28.586847
2236,-2.7781034,0.28611678
2237,72.111496,-7.985519
2238,-2.1517773,2.0060334
2239,8.246788,-44.89914
2240,-2.414048,-8.843417
2241,15.718091,26.550587
2242,14.764672,28.04996
2243,15.747031,26.569368
2244,22.993074,38.411102
2245,-6.6546216,12.300247
2246,7.8715296,-45.518173
2247,18.995497,33.599007
2248,-0.041740716,0.56199855
2249,-6.297893,1.9360883
2250,-1.7367551,3.154956
2251,21.570244,36.494125
2252,2.7193582,-18.615938
2253,-7.926606,-15.440784
2254,14.15511,-40.27274
2255,-8.870433,-28.595146
2256,11.708607,-41.178192
2257,3.1856055,-19.244087
2258,5.4483247,-18.600796
2259,76.74702,1.7430545
2260,69.63332,3.9613366
2261,71.89596,2.6951602
2262,17.320808,28.16784
2263,7.5577354,-23.89046
2264,8.246485,12.579181
2265,9.217017,-47.931625
2266,-8.150121,7.981134
2267,8.8429365,24.598457
2268,11.65909,22.111681
2269,5.2026424,9.2960615
2270,-0.7759399,10.146516
2271,6.320075,-35.189426
2272,19.865515,37.33484
2273,14.05748,18.701452
2274,14.236666,19.620108
2275,2.2240975,-26.5609
2276,20.85696,39.41468
2277,2.3500123,-10.362123
2278,-5.911969,4.542553
2279,7.7068944,-11.276189
2280,4.340091,-41.241627
2281,17.469292,34.239285
2282,-8.956428,6.348643
2283,5.352648,8.751059
2284,19.791887,28.70953
2285,9.377839,28.614214
2286,22.675524,33.704086
2287,-6.1069465,4.9355364
2288,12.522985,29.85448
2289,7.5269814,27.44306
2290,11.877298,22.73223
2291,21.834671,28.298729
2292,20.595139,37.967346
2293,78.624794,5.112736
2294,-11.640479,-27.528898
2295,9.25927,25.257132
2296,7.2959924,-14.0696
2297,13.124761,18.800735
2298,19.09206,31.847126
2299,-4.310759,-2.1503613
2300,14.916377,21.131475
2301,19.031525,37.68917
2302,17.909771,34.794594
2303,11.988841,-42.57795
2304,11.332872,14.803811
2305,68.90413,5.305694
2306,12.637688,-37.99805
2307,14.873027,34.071606
2308,69.88469,4.464802
2309,12.178113,1.1339878
2310,12.163945,-35.96058
2311,1.861468,-5.6378217
2312,11.544218,-35.284657
2313,4.539749,-14.395064
2314,17.262445,26.792747
2315,19.859262,37.92723
2316,71.16458,-3.2788374
2317,66.35991,1.3219787
2318,-12.426897,-28.223524
2319,18.961637,45.428856
2320,19.114048,48.286213
2321,25.428911,36.044586
2322,71.75669,0.063862346
2323,7.5018563,-26.503872
2324,71.319626,-0.532804
2325,2.0911388,-30.389687
2326,15.377069,14.636183
2327,14.070909,-44.94177
2328,82.24977,2.6482112
2329,12.549945,23.354822
2330,71.11323,4.73396
2331,8.833485,-23.12274
2332,9.853827,-40.3886
2333,15.48338,20.844774
2334,3.4799092,8.545683
2335,-11.9614105,-3.8226352
2336,18.11703,49.476818
2337,9.800069,-49.60604
2338,6.274517,-31.482872
2339,10.277877,-35.728073
2340,-2.606953,-1.9106635
2341,15.087567,16.843039
2342,13.988829,-42.016182
2343,12.059548,-43.31318
2344,72.58892,1.474871
2345,6.4639454,-28.657341
2346,2.4587553,-9.880018
2347,3.4557095,-1.4722311
2348,4.458396,5.288389
2349,70.94299,3.0392125
2350,80.01949,-1.2885747
2351,16.851448,31.875418
2352,-4.9812474,16.80059
2353,4.6976604,6.996368
2354,17.017065,23.641289
2355,-7.45428,13.169337
2356,15.925222,34.0716
2357,6.1024847,-21.90775
2358,18.864439,35.29224
2359,0.21848868,-1.6390952
2360,12.314956,-37.986526
2361,3.8699498,-43.20811
2362,-4.3893824,9.664384
2363,6.9605412,-21.074959
2364,21.185175,28.631742
2365,8.428397,-19.93038
2366,13.7566,15.837427
2367,10.251752,-18.9472
2368,1.5983188,-2.665696
2369,2.1489375,-17.75764
2370,4.2200794,-0.91335166
2371,22.116068,33.45799
2372,6.546211,-19.541224
2373,11.94659,-24.307714
2374,11.396562,17.831968
2375,2.0622659,-5.400408
2376,14.318867,-39.046
2377,8.435284,-8.352447
2378,11.670023,-24.551071
2379,2.0867412,4.6583943
2380,11.960769,-6.706505
2381,5.623645,7.698117
2382,19.730946,23.6966
2383,65.333534,1.2069446
2384,70.65032,-3.6029654
2385,4.84719,13.392852
2386,71.806015,-0.37834015
2387,7.0504456,17.486652
2388,-1.7206285,0.4147661
2389,4.553868,27.576765
2390,1.5094091,-27.691444
2391,71.99828,-1.131555
2392,19.290358,47.593437
2393,9.3064575,-17.128275
2394,6.520929,-33.98817
2395,7.785146,-7.5739627
2396,70.527054,5.0067225
2397,71.42305,6.3280125
2398,26.392899,33.027435
2399,7.5575366,17.599821
2400,81.18021,0.9966525
2401,12.837619,-43.386024
2402,77.45722,-1.449264
2403,9.090806,3.4655118
2404,18.602343,22.907425
2405,7.755549,-30.316242
2406,14.097603,-34.868015
2407,6.3107824,-32.00053
2408,4.695115,-5.8085976
2409,15.502332,17.313042
2410,13.583757,18.534386
2411,21.70977,37.958534
2412,5.7710447,-41.207695
2413,14.226379,24.212692
2414,14.5843115,-39.562756
2415,22.700012,28.629671
2416,15.672346,8.950163
2417,20.1244,33.251324
2418,76.701645,5.5034513
2419,0.36634672,-1.2358125
2420,2.0282848,-24.31327
2421,0.4246105,1.0653833
2422,18.594057,33.110077
2423,14.138853,14.06791
2424,0.6516623,-2.3385334
2425,8.574133,-21.572811
2426,8.810136,-22.065382
2427,22.030005,31.956604
2428,16.211239,30.910706
2429,14.563054,17.39673
2430,9.614994,9.897906
2431,13.323886,-36.961376
2432,14.5969305,-39.692665
2433,13.899879,-25.28947
2434,3.5476491,-9.376459
2435,25.009727,32.692852
2436,11.514405,21.380028
2437,69.802444,6.303842
2438,71.05281,3.8748908
2439,-11.614474,-4.112893
2440,12.38722,-23.337324
2441,8.207317,5.2217956
2442,15.326991,-44.76508
2443,14.93967,16.366697
2444,2.189903,-12.0793915
2445,3.064048,-33.422565
2446,5.430651,7.637198
2447,0.66968846,-34.866436
2448,15.935302,33.25818
2449,10.105748,5.5658054
2450,66.871086,0.7056587
2451,75.21311,-0.65256435
2452,7.4523153,-7.9576454
2453,73.467094,-1.06246
2454,21.27943,46.68395
2455,81.21847,1.9776046
2456,5.9741793,-34.232582
2457,8.201335,-9.932803
2458,77.1778,1.9055887
2459,-4.3569427,-16.33358
2460,-1.3949621,1.8322318
2461,70.61891,3.866003
2462,16.291756,-22.553904
2463,17.304113,19.239355
2464,12.127919,-8.772007
2465,19.722704,48.721264
2466,73.378746,0.9504608
2467,9.828901,-38.71218
2468,18.281162,19.461056
2469,11.701624,-18.757198
2470,0.91378343,1.9764761
2471,19.398542,32.30862
2472,14.515575,15.623748
2473,20.398283,27.181383
2474,4.7998705,-5.370185
2475,13.848917,-27.342018
2476,12.201255,13.059656
2477,10.336483,-10.63018
2478,13.867998,9.920828
2479,2.8656182,-33.387005
2480,10.498836,-17.567207
2481,4.1723957,-10.324399
2482,18.702105,17.12815
2483,16.725763,-37.95684
2484,11.369071,-33.01468
2485,14.389966,-35.95512
2486,11.290178,16.950384
2487,11.388062,-46.637028
2488,4.341981,-0.92280376
2489,21.112185,10.281058
2490,18.451126,37.15803
2491,8.80687,8.608014
2492,5.775795,-16.861147
2493,6.8135724,5.7461367
2494,15.336728,-36.519165
2495,5.2918544,5.5212436
2496,7.8732243,-1.9761217
2497,19.809338,32.546227
2498,3.0660381,-9.456906
2499,3.5943513,-7.42863
2500,12.161382,-6.3389754
2501,6.167565,-16.745882
2502,7.698122,27.504301
2503,3.7628493,7.0748854
2504,8.772744,1.1347636
2505,25.520384,24.750937
2506,3.9231286,-7.588951
2507,6.0011086,-0.3510547
2508,20.359419,-23.974977
2509,14.542836,-37.087486
2510,12.626693,-41.36837
2511,11.033603,-21.154871
2512,15.422053,18.733631
2513,9.961806,-40.342655
2514,71.17064,3.9359443
2515,11.553367,-2.787604
2516,72.97942,-2.8536234
2517,12.445436,-46.97623
2518,73.1246,-1.0817608
2519,19.233397,15.79734
2520,12.849106,0.35053122
2521,6.5107055,-16.529242
2522,15.917202,19.440971
2523,27.849522,30.278791
2524,24.077524,25.102188
2525,8.518902,-21.008572
2526,22.260983,26.543787
2527,18.37007,30.612001
2528,8.825249,-21.433674
2529,13.480633,-22.35504
2530,9.028992,-19.903948
2531,18.381676,20.594433
2532,12.8338995,0.823271
2533,82.80855,2.7539098
2534,23.653082,28.59054
2535,15.0410185,-41.19687
2536,18.17014,25.47
2537,10.938984,-22.353407
2538,13.907799,9.939646
2539,7.2937465,-3.4469411
2540,11.566952,-4.725844
2541,12.635894,7.578485
2542,19.00346,22.297249
2543,3.234159,-9.193209
2544,76.60991,6.2363524
2545,21.489538,17.251272
2546,3.9247892,-1.4832273
2547,22.970913,20.793419
2548,19.86389,23.587692
2549,79.562096,2.7482128
2550,13.124035,-19.045738
2551,11.355364,7.9954324
2552,11.460257,13.390203
2553,19.992065,19.766655
2554,80.66111,2.5469503
2555,23.025328,29.588787
2556,6.601179,5.7911797
2557,15.034497,-44.86341
2558,18.718615,25.135126
2559,7.8456526,-33.11029
2560,12.047596,12.630523
2561,22.944601,27.185873
2562,22.043201,30.918835
2563,5.9276857,6.601885
2564,10.893876,-22.203058
2565,16.180828,-44.061203
2566,14.633856,7.1260014
2567,12.127381,-5.5037475
2568,12.034212,-39.974937
2569,20.541962,14.994809
2570,13.537085,-36.200073
2571,18.31347,24.054234
2572,14.445381,16.212996
2573,15.316081,-42.286808
2574,78.9366,4.5803447
2575,12.396967,-21.491802
2576,23.73415,29.60747
2577,15.325142,-41.97472
2578,11.315806,17.0107
2579,16.487654,18.80183
2580,75.938866,4.8415227
2581,26.465834,24.251778
2582,72.05161,-1.9415162
2583,72.516594,-2.9341204
2584,74.51242,1.7439076
2585,10.88013,-1.6093136
2586,72.78592,0.66884077
2587,19.269903,-34.70176
2588,9.070805,-10.061388
2589,20.50152,-15.315415
2590,14.71226,2.185267
2591,9.175187,-8.999601
2592,10.961575,-0.9398347
2593,16.282694,12.309251
2594,14.5419445,-24.430717
2595,12.33768,4.9326677
2596,20.057745,26.40776
2597,10.564004,-22.962006
2598,16.766653,-33.303143
2599,16.133331,-39.012127
2600,17.990507,4.398346
2601,5.315056,5.741291
2602,9.682983,-20.435442
2603,7.081029,-34.431072
2604,13.814576,-5.943768
2605,8.896802,8.527406
2606,10.025976,-38.304047
2607,10.176681,-17.465956
2608,12.596582,-9.649062
2609,79.74856,4.7350626
2610,20.601618,8.999499
2611,13.36257,11.30073
2612,4.893127,-5.063007
2613,17.774996,10.167828
2614,20.677225,15.566069
2615,12.393268,-17.375584
2616,23.658619,16.765207
2617,12.324329,-16.843922
2618,12.97989,-40.89652
2619,16.58084,4.6962657
2620,76.81998,4.496698
2621,81.53322,3.8260145
2622,17.817194,-24.45498
2623,6.142867,7.2021327
2624,21.82443,16.773287
2625,17.186024,14.100937
2626,7.777944,-2.7873518
2627,16.317207,20.387072
2628,69.50997,6.7720456
2629,22.80981,15.46019
2630,15.729025,-39.26165
2631,83.23058,3.5698054
2632,13.420477,-34.23335
2633,13.276634,7.3780236
2634,80.90227,4.2452064
2635,10.434236,-19.068953
2636,12.108657,12.615444
2637,10.143079,16.199726
2638,16.041088,-38.999336
2639,18.965357,15.250925
2640,12.336206,-35.068367
2641,11.449798,-20.504917
2642,20.610222,-39.525368
2643,21.34014,15.082552
2644,13.365224,-12.168945
2645,13.561536,-13.753644
2646,20.059908,18.592539
2647,19.313745,24.904142
2648,12.956211,-1.0571313
2649,71.65722,5.223405
2650,79.86447,5.625228
2651,6.8519535,-30.383678
2652,81.10074,6.344956
2653,73.740036,0.66598016
2654,16.953285,-31.41308
2655,17.55422,-38.93264
2656,23.306171,20.131458
2657,17.50227,-42.543587
2658,73.602455,0.25201473
2659,18.46378,9.018778
2660,16.621952,-42.024033
2661,13.534683,-35.605793
2662,12.839461,-5.3281374
2663,74.75483,0.8575729
2664,73.63262,4.5122657
2665,11.149753,-0.8051524
2666,11.85237,-19.008282
2667,24.285742,29.157104
2668,24.786104,25.00153
2669,23.484228,26.634453
2670,20.413906,-25.126661
2671,17.542517,21.163126
2672,24.428808,28.22796
2673,9.126336,-14.079681
2674,17.124313,-11.724481
2675,77.43579,2.9839494
2676,8.963576,-20.49379
2677,26.843868,29.712458
2678,13.460444,-8.318389
2679,25.169163,14.498058
2680,14.397434,-23.9449
2681,16.57375,-39.00249
2682,24.362494,28.997084
2683,18.642658,13.066663
2684,21.923857,17.830244
2685,72.513725,4.5737724
2686,16.333801,-40.753654
2687,22.602053,31.34344
2688,77.20423,5.1126933
2689,21.306242,10.009341
2690,18.036352,-2.391515
2691,9.9967985,-11.640306
2692,11.813923,10.68765
2693,11.64271,-9.6799965
2694,7.649067,-3.1599147
2695,18.088665,-38.18085
2696,27.164986,28.945543
2697,8.826436,1.1202503
2698,14.736934,8.115856
2699,24.59193,27.248402
2700,12.204081,-34.964024
2701,9.947428,-5.9372497
2702,15.91601,-5.21368
2703,75.414185,4.6788173
2704,25.40116,30.410074
2705,15.933449,5.5720863
2706,21.797218,24.08433
2707,14.798739,-11.51402
2708,25.227095,20.366491
2709,20.070375,13.918804
2710,15.146268,-32.864582
2711,21.755857,16.037663
2712,12.658941,-12.603008
2713,19.982334,16.828102
2714,12.644049,-34.09993
2715,14.352257,-6.6602507
2716,24.964003,20.859861
2717,15.47522,8.055074
2718,18.868513,-38.97657
2719,14.761951,-37.65793
2720,80.73298,10.01513
2721,73.41558,-2.5694218
2722,20.517271,-15.340363
2723,21.574015,46.571968
2724,22.527906,7.380859
2725,81.17256,5.5258565
2726,18.832844,4.7572494
2727,19.252924,12.567412
2728,24.701366,26.337355
2729,21.61947,-41.37328
2730,24.646597,18.536495
2731,15.963842,-13.752804
2732,11.217869,-1.8245479
2733,20.30749,11.3658495
2734,9.52883,12.10287
2735,19.64036,-23.730272
2736,81.85523,5.0597982
2737,82.12786,6.35398
2738,14.7294655,-23.357018
2739,13.905028,4.7049055
2740,20.79169,-23.750431
2741,80.937164,3.9812043
2742,14.880376,-11.412303
2743,13.54611,-32.71528
2744,23.504974,12.648661
2745,17.08246,21.10636
2746,15.120687,-7.692224
2747,12.819203,-12.292266
2748,20.938108,-41.045708
2749,14.860527,-35.279106
2750,20.756075,24.827242
2751,14.284622,-7.2019076
2752,14.49602,5.029369
2753,25.704363,27.374083
2754,16.666353,-4.576212
2755,15.378759,7.043181
2756,82.86958,3.922699
2757,27.507107,27.455334
2758,21.457994,13.716031
2759,21.752165,14.17032
2760,13.210322,-21.524748
2761,73.56591,5.7388124
2762,18.436092,5.556178
2763,25.909525,28.29127
2764,27.254105,28.045467
2765,16.753754,-36.95296
2766,13.796649,-10.684358
2767,24.910316,30.90043
2768,18.994268,-41.871105
2769,12.561047,4.8235793
2770,76.86977,4.6261435
2771,78.053185,3.8557334
2772,20.20613,20.196203
2773,20.349623,16.558718
2774,15.800146,-4.448446
2775,25.714823,12.649322
2776,21.120737,22.196577
2777,16.437918,-11.417019
2778,11.058033,-11.198481
2779,14.01796,6.9069386
2780,19.746998,-43.570145
2781,10.259911,-7.7355723
2782,13.491399,-7.306681
2783,19.790525,-39.13307
2784,17.502699,-23.1956
2785,19.31927,2.8604953
2786,14.259682,-2.4662416
2787,19.121912,-42.002785
2788,16.075512,-26.045708
2789,25.457743,26.76601
2790,14.167716,-3.0292537
2791,15.599019,-23.792658
2792,14.354436,-12.664571
2793,24.444656,18.503658
2794,14.664417,-23.594995
2795,26.178194,24.074707
2796,18.957525,-36.009346
2797,18.085894,-43.787144
2798,16.667736,-15.468033
2799,10.202348,-9.646576
2800,14.187427,-8.741178
2801,25.935802,12.181805
2802,12.516174,-8.274869
2803,19.067045,-42.4147
2804,14.016223,-3.0694988
2805,12.357958,-10.336239
2806,16.773699,7.6165366
2807,18.221447,-23.383677
2808,19.036348,21.719593
2809,16.881584,-31.142351
2810,14.47443,-20.683233
2811,20.421835,17.986618
2812,16.17824,-6.3403025
2813,12.693655,11.579752
2814,16.565178,7.38834
2815,18.964102,-38.30937
2816,22.148947,15.015194
2817,16.620941,-22.565378
2818,19.270329,-40.23833
2819,82.66716,3.8369393
2820,16.76333,-41.262722
2821,77.9336,5.058148
2822,13.752806,-21.430862
2823,17.165455,5.552611
2824,12.002526,-19.236067
2825,23.825813,31.119942
2826,18.841671,13.7455435
2827,25.32914,29.50715
2828,25.200947,30.062511
2829,21.593733,24.453575
2830,15.732224,-23.21537
2831,22.082006,13.480504
2832,21.386019,7.1400237
2833,16.452286,-30.01455
2834,23.183325,14.456514
2835,23.537355,21.794775
2836,20.08803,-40.846466
2837,81.2865,4.078316
2838,14.41044,-10.068472
2839,20.818169,-40.518288
2840,74.91738,5.0707483
2841,23.878044,15.906024
2842,13.134823,-10.872647
2843,17.353127,-33.31256
2844,14.849216,5.563695
2845,16.450197,-23.802994
2846,15.829963,-12.939458
2847,17.172947,-41.89111
2848,17.706644,5.222754
2849,21.931171,14.660163
2850,15.340919,-11.852399
2851,25.931452,27.101614
2852,19.103643,-22.17692
2853,9.824061,-9.754803
2854,81.051765,6.065899
2855,23.721811,24.577942
2856,22.487053,13.911664
2857,84.717606,3.5771806
2858,14.537715,-26.588812
2859,84.87759,2.7990034
2860,82.09775,4.862405
2861,72.47459,4.436373
2862,19.302769,3.5858157
2863,80.80575,4.6151485
2864,25.106491,16.584488
2865,17.385517,-5.407407
2866,12.3918915,11.89361
2867,14.964979,11.526015
2868,24.026653,15.940621
2869,10.082269,-37.96651
2870,75.00371,0.06412421
2871,14.884738,-8.648534
2872,21.430769,12.818954
2873,27.302263,26.275381
2874,15.8163595,-17.50619
2875,23.313679,13.358977
2876,26.161434,31.00807
2877,15.378042,-11.748803
2878,22.53223,8.642183
2879,24.964417,21.209028
2880,81.80968,7.990343
2881,21.292006,6.077827
2882,83.29721,6.842076
2883,14.307997,-9.927148
2884,83.841705,4.861096
2885,82.61542,3.3530746
2886,21.171968,-39.988956
2887,26.363695,28.000349
2888,16.174162,-25.959204
2889,16.150568,-25.90386
2890,15.657279,7.11652
2891,13.427433,-12.056111
2892,18.338076,-38.059883
2893,17.730803,-22.37078
2894,20.606516,-40.135365
2895,83.62111,5.2701545
2896,19.800325,5.3587017
2897,18.857176,-36.526447
2898,18.44979,-7.0749383
2899,16.889452,-8.326983
2900,80.56524,8.465988
2901,18.306389,-40.243202
2902,18.619587,-22.114553
2903,15.511832,-8.879198
2904,16.364166,-14.223521
2905,15.567469,-7.584794
2906,20.243477,-40.51968
2907,26.575726,26.103716
2908,17.501043,-41.3292
2909,16.743122,-8.51397
2910,22.633598,8.594664
2911,14.938071,3.8068006
2912,84.56675,5.9827027
2913,22.358948,26.509825
2914,79.268486,1.8855368
2915,20.541763,-41.90053
2916,17.115852,-40.457813
2917,21.525135,6.02548
2918,19.388628,6.8207893
2919,27.448915,20.687748
2920,16.11809,-7.199985
2921,19.685059,-23.982988
2922,26.219524,23.52027
2923,15.148558,-5.5205855
2924,21.751835,5.9324255
2925,23.223467,13.954903
2926,16.06259,-6.948529
2927,28.490059,24.55849
2928,80.3427,7.4394374
2929,19.93602,-42.504738
2930,17.368547,-35.8116
2931,19.568724,-41.61796
2932,19.26572,-5.1061845
2933,24.315163,14.952252
2934,81.63192,8.926616
2935,81.80961,8.081753
2936,19.557854,6.9835334
2937,18.471844,-26.837626
2938,17.73466,-23.161766
2939,82.05937,4.6693935
2940,82.977394,5.4798203
2941,15.827006,-10.457548
2942,25.749123,16.759474
2943,16.957672,-25.31274
2944,18.381992,-40.681168
2945,19.326105,-23.614428
2946,82.3244,7.7054687
2947,21.022123,4.9633365
2948,84.379425,5.6116652
2949,17.247047,-10.467344
2950,19.993599,-42.309307
2951,24.199656,13.710988
2952,24.906418,27.8033
2953,17.912361,-5.977652
2954,83.32671,4.961376
2955,16.802654,-7.5317793
2956,18.36954,-7.4036283
2957,78.48492,6.7765064
2958,18.640413,-9.2943945
2959,78.47667,6.7963004
2960,19.696377,-25.031086
2961,81.485916,9.215453
2962,17.765726,-25.936708
2963,16.170147,-17.215963
2964,19.646639,4.7164807
2965,23.2213,10.4504795
2966,27.384594,25.622602
2967,83.96772,5.989637
2968,83.63382,4.7690196
2969,77.39933,3.0662887
2970,18.86045,-23.559498
2971,22.145506,5.7189646
2972,17.917156,-15.398246
2973,81.71863,8.987121
2974,17.79495,-17.09219
2975,82.22618,9.086936
